{
    "loss": 2.7414839267730713,
    "accuracy": 0.7809523940086365
}