{
    "loss": 1.8422424793243408,
    "accuracy": 0.8333333134651184
}