{
    "loss": 0.511664628982544,
    "accuracy": 0.938095211982727
}