{
    "loss": 0.5982227325439453,
    "accuracy": 0.9285714030265808
}